Time (s),ESC signal (µs),Servo 1 (µs),Servo 2 (µs),Servo 3 (µs),AccX (g),AccY (g),AccZ (g),Torque (N·m),Thrust (kgf),Voltage (V),Current (A),Motor Electrical Speed (RPM),Motor Optical Speed (RPM),Electrical Power (W),Mechanical Power (W),Motor Efficiency (%),Propeller Mech. Efficiency (kgf/W),Overall Efficiency (kgf/W),Left Load Cell (mV),Right Load Cell (mV),Thrust Load Cell (mV),Vibration (g),Burst Current Cutoff (A),Pin State 1,Pin State 2,Pin State 3,Pin State 4,Debug 0,Debug 1,Debug 2,Debug 3,App message,
0.24470550000006336,,,,1000,-0.00166015625,-0.04658203125,-0.95693359375,-0.030988254678945237,0.020886575166648554,0,-0.03602084465803627,0,0,0,0,0,0,0,-0.03926993040170969,-0.25015638066872525,0.020886575166648554,0.06318359375,-0.04516951931170209,0,1,1,0.05,0,0,0,0,,
0.31203550000018443,,,,1000,-0.002734375,-0.04228515625,-0.964453125,-0.030993208929952436,0.020346772894966884,0,-0.03154697452832331,0,0,0,0,0,0,0,-0.03923016534481077,-0.2501503311088577,0.020346772894966884,0.0671875,-0.040781745358724225,0,1,1,0.05,0,0,0,0,,
0.9030302500003948,,,,1000,0,-0.0482421875,-0.95673828125,-0.030952243167413122,0.02048983358987204,0,-0.03104103622186962,0,0,0,0,0,0,0,-0.03952668247857775,-0.25016806118817775,0.02048983358987204,0.06474609375,-0.03913705943782657,0,1,1,0,0,0,0,0,,
1.4235425000003077,,,,1000,0,-0.0484375,-0.95693359375,-0.030986399075802123,0.020984903173273638,0,-0.030474371108838483,0,0,0,0,0,0,0,-0.03937170006547314,-0.25024552227182467,0.020984903173273638,0.06357421875,-0.03790908552131148,0,1,1,0,0,0,0,0,,
2.0137485000002195,,,,1000,0,-0.04853515625,-0.9568359375,-0.030995438759123195,0.020403621913027786,0,-0.03112686299708279,0,0,0,0,0,0,0,-0.03928710968882567,-0.2502224502590498,0.020403621913027786,0.0625,-0.03669603257603919,0,1,1,0.1,0,0,0,0,,
